{"cameraMode":{"drawMode":0,"name":"Shaded","section":"Shading Mode"},"sceneLighting":false,"audioPlay":false,"sceneViewState":{"showFog":true,"showMaterialUpdate":false,"showSkybox":true,"showFlares":true,"showImageEffects":true,"showParticleSystems":true},"in2DMode":false,"pivot":{"x":6.875337600708008,"y":1.9880762100219727,"z":-45.57512283325195},"rotation":{"x":-0.11167218536138535,"y":0.8703572154045105,"z":-0.2313562035560608,"w":-0.42010748386383059},"size":41.69797897338867,"orthographic":false}