{"cameraMode":{"drawMode":0,"name":"Shaded","section":"Shading Mode"},"sceneLighting":false,"audioPlay":false,"sceneViewState":{"showFog":true,"showMaterialUpdate":false,"showSkybox":true,"showFlares":true,"showImageEffects":true,"showParticleSystems":true},"in2DMode":false,"pivot":{"x":-41.52625274658203,"y":9.55369758605957,"z":7.944318771362305},"rotation":{"x":0.19350109994411469,"y":-0.46543189883232119,"z":0.10505779087543488,"w":0.8572609424591065},"size":47.85724639892578,"orthographic":false}