{"cameraMode":{"drawMode":0,"name":"Shaded","section":"Shading Mode"},"sceneLighting":false,"audioPlay":false,"sceneViewState":{"showFog":true,"showMaterialUpdate":false,"showSkybox":true,"showFlares":true,"showImageEffects":true,"showParticleSystems":true},"in2DMode":false,"pivot":{"x":-17.931053161621095,"y":14.991065979003907,"z":-0.8468666076660156},"rotation":{"x":0.16760925948619843,"y":-0.3016035556793213,"z":0.05394863337278366,"w":0.9370355010032654},"size":7.558602333068848,"orthographic":false}