{"cameraMode":{"drawMode":0,"name":"Shaded","section":"Shading Mode"},"sceneLighting":false,"audioPlay":false,"sceneViewState":{"showFog":true,"showMaterialUpdate":false,"showSkybox":true,"showFlares":true,"showImageEffects":true,"showParticleSystems":true},"in2DMode":false,"pivot":{"x":-15.926931381225586,"y":14.166999816894532,"z":-2.3070056438446047},"rotation":{"x":0.049228277057409289,"y":-0.502470850944519,"z":0.02867194451391697,"w":0.862718939781189},"size":5.705749988555908,"orthographic":false}