{"cameraMode":{"drawMode":0,"name":"Shaded","section":"Shading Mode"},"sceneLighting":false,"audioPlay":false,"sceneViewState":{"showFog":true,"showMaterialUpdate":false,"showSkybox":true,"showFlares":true,"showImageEffects":true,"showParticleSystems":true},"in2DMode":false,"pivot":{"x":-8.935917854309082,"y":15.003368377685547,"z":-1.2822906970977784},"rotation":{"x":0.17692618072032929,"y":-0.40003275871276858,"z":0.07901058346033097,"w":0.8957845568656921},"size":10.504366874694825,"orthographic":true}