{"cameraMode":{"drawMode":0,"name":"Shaded","section":"Shading Mode"},"sceneLighting":false,"audioPlay":false,"sceneViewState":{"showFog":true,"showMaterialUpdate":false,"showSkybox":true,"showFlares":true,"showImageEffects":true,"showParticleSystems":true},"in2DMode":false,"pivot":{"x":70.79583740234375,"y":17.60862159729004,"z":-0.4128124713897705},"rotation":{"x":0.19350109994411469,"y":-0.46543189883232119,"z":0.10505779087543488,"w":0.8572609424591065},"size":16.966854095458986,"orthographic":false}