{"cameraMode":{"drawMode":0,"name":"Shaded","section":"Shading Mode"},"sceneLighting":false,"audioPlay":false,"sceneViewState":{"showFog":true,"showMaterialUpdate":false,"showSkybox":true,"showFlares":true,"showImageEffects":true,"showParticleSystems":true},"in2DMode":false,"pivot":{"x":-10.634197235107422,"y":9.480836868286133,"z":-17.192678451538087},"rotation":{"x":0.2851187288761139,"y":-0.3720095455646515,"z":0.12121928483247757,"w":0.8750020861625671},"size":8.101350784301758,"orthographic":false}