{"cameraMode":{"drawMode":0,"name":"Shaded","section":"Shading Mode"},"sceneLighting":false,"audioPlay":false,"sceneViewState":{"showFog":true,"showMaterialUpdate":false,"showSkybox":true,"showFlares":true,"showImageEffects":true,"showParticleSystems":true},"in2DMode":false,"pivot":{"x":-14.313369750976563,"y":13.078465461730957,"z":1.1925404071807862},"rotation":{"x":0.19350109994411469,"y":-0.46543189883232119,"z":0.10505779087543488,"w":0.8572609424591065},"size":24.048572540283204,"orthographic":false}