{"cameraMode":{"drawMode":0,"name":"Shaded","section":"Shading Mode"},"sceneLighting":false,"audioPlay":false,"sceneViewState":{"showFog":true,"showMaterialUpdate":false,"showSkybox":true,"showFlares":true,"showImageEffects":true,"showParticleSystems":true},"in2DMode":false,"pivot":{"x":-7.225048065185547,"y":15.2078857421875,"z":5.639999866485596},"rotation":{"x":0.19350109994411469,"y":-0.46543189883232119,"z":0.10505779087543488,"w":0.8572609424591065},"size":12.536585807800293,"orthographic":false}