{"cameraMode":{"drawMode":0,"name":"Shaded","section":"Shading Mode"},"sceneLighting":false,"audioPlay":false,"sceneViewState":{"showFog":true,"showMaterialUpdate":false,"showSkybox":true,"showFlares":true,"showImageEffects":true,"showParticleSystems":true},"in2DMode":false,"pivot":{"x":-13.868120193481446,"y":13.53182315826416,"z":-1.4069416522979737},"rotation":{"x":0.09211224317550659,"y":-0.8521714806556702,"z":0.1603575050830841,"w":0.4895037114620209},"size":8.268555641174317,"orthographic":false}