{"cameraMode":{"drawMode":0,"name":"Shaded","section":"Shading Mode"},"sceneLighting":false,"audioPlay":false,"sceneViewState":{"showFog":true,"showMaterialUpdate":false,"showSkybox":true,"showFlares":true,"showImageEffects":true,"showParticleSystems":true},"in2DMode":false,"pivot":{"x":-186.48309326171876,"y":-16.671173095703126,"z":-23.691619873046876},"rotation":{"x":-0.11167218536138535,"y":0.8703572154045105,"z":-0.2313562035560608,"w":-0.42010748386383059},"size":54.30002212524414,"orthographic":false}