{"cameraMode":{"drawMode":0,"name":"Shaded","section":"Shading Mode"},"sceneLighting":false,"audioPlay":false,"sceneViewState":{"showFog":true,"showMaterialUpdate":false,"showSkybox":true,"showFlares":true,"showImageEffects":true,"showParticleSystems":true},"in2DMode":false,"pivot":{"x":-8.923250198364258,"y":13.986024856567383,"z":-0.7917600274085999},"rotation":{"x":0.19350109994411469,"y":-0.46543189883232119,"z":0.10505779087543488,"w":0.8572609424591065},"size":4.303883075714111,"orthographic":false}